<?xml version="1.0" encoding="utf-8"?>
<RelativeLayout xmlns:android="http://schemas.android.com/apk/res/android"
    xmlns:app="http://schemas.android.com/apk/res-auto"
    xmlns:tools="http://schemas.android.com/tools"
    android:layout_width="match_parent"
    android:layout_height="match_parent"
    android:orientation="vertical"
    tools:context=".MainActivity">

    <LinearLayout
        android:layout_width="match_parent"
        android:layout_height="match_parent"
        android:orientation="vertical">

        <LinearLayout
            android:layout_width="match_parent"
            android:layout_height="100dp"
            android:orientation="horizontal">

            <TextView
                android:id="@+id/tv1"
                android:layout_width="100dp"
                android:layout_height="80dp"
                android:layout_marginRight="20dp"
                android:text="name"
                android:textSize="30dp" />

            <EditText
                android:id="@+id/et1"
                android:layout_width="wrap_content"
                android:layout_height="wrap_content"
                android:hint="이름을 입력하세요" />
        </LinearLayout>

        <LinearLayout
            android:layout_width="match_parent"
            android:layout_height="100dp"
            android:orientation="horizontal">

            <TextView
                android:id="@+id/tv2"
                android:layout_width="90dp"
                android:layout_height="80dp"
                android:layout_gravity="center_vertical"
                android:text="tel"
                android:textSize="30dp" />

            <Spinner
                android:layout_width="110dp"
                android:layout_height="80dp"
                android:entries="@array/contact"
                android:id="@+id/sp">

            </Spinner>

            <EditText
                android:id="@+id/et2"
                android:layout_width="wrap_content"
                android:layout_height="wrap_content"
                android:hint="연락처를 입력하세요" />
        </LinearLayout>

        <LinearLayout
            android:layout_width="match_parent"
            android:layout_height="80dp"
            android:orientation="horizontal">

            <TextView
                android:layout_width="100dp"
                android:layout_height="70dp"
                android:text="gender"
                android:textSize="30dp" />

            <RadioGroup
                android:layout_width="match_parent"
                android:layout_height="100dp"
                android:orientation="horizontal"
                android:id="@+id/rdg1">

                <RadioButton
                    android:layout_width="80dp"
                    android:layout_height="50dp"
                    android:text="남자"
                    android:textSize="20dp" />

                <RadioButton
                    android:layout_width="80dp"
                    android:layout_height="50dp"
                    android:text="여자"
                    android:textSize="20dp" />
            </RadioGroup>
        </LinearLayout>

        <LinearLayout
            android:layout_width="match_parent"
            android:layout_height="150dp"
            android:orientation="vertical">

            <TextView
                android:layout_width="100dp"
                android:layout_height="80dp"
                android:fontFamily="monospace"
                android:text="이수과목"
                android:textSize="25dp" />

            <LinearLayout
                android:layout_width="match_parent"
                android:layout_height="120dp"
                android:id="@+id/l1">

                <CheckBox
                    android:layout_width="wrap_content"
                    android:layout_height="wrap_content"
                    android:text="C"
                    android:textSize="20dp"
                    android:id="@+id/ch1"/>

                <CheckBox
                    android:layout_width="wrap_content"
                    android:layout_height="wrap_content"
                    android:text="C++"
                    android:textSize="18dp"
                    android:id="@+id/ch2"/>

                <CheckBox
                    android:layout_width="wrap_content"
                    android:layout_height="wrap_content"
                    android:text="JAVA"
                    android:textSize="18dp"
                    android:id="@+id/ch3"/>

                <CheckBox
                    android:layout_width="wrap_content"
                    android:layout_height="wrap_content"
                    android:text="Python"
                    android:textSize="15dp"
                    android:id="@+id/ch4" />

                <CheckBox
                    android:layout_width="wrap_content"
                    android:layout_height="wrap_content"
                    android:text="JSP"
                    android:textSize="15dp"
                    android:id="@+id/ch5"/>

                <CheckBox
                    android:layout_width="wrap_content"
                    android:layout_height="wrap_content"
                    android:text="Android"
                    android:textSize="14dp"
                    android:id="@+id/ch6"/>
            </LinearLayout>
        </LinearLayout>
    </LinearLayout>

    <Button
        android:layout_width="match_parent"
        android:layout_height="130dp"
        android:layout_alignParentBottom="true"
        android:text="회원가입"
        android:textSize="30dp"
        android:id="@+id/btn1"
        android:background="@color/colorPrimary"/>

</RelativeLayout>